graph,batch_deletions_fraction,batch_insertions_fraction,adamic0-t,adamic2-t,adamic4-t,adamic8-t,adamic16-t,adamic32-t,adamic64-t,adamic128-t,adamic256-t,adamic512-t,adamic1024-t,adamic0-p,adamic2-p,adamic4-p,adamic8-p,adamic16-p,adamic32-p,adamic64-p,adamic128-p,adamic256-p,adamic512-p,adamic1024-p,adamic0-r,adamic2-r,adamic4-r,adamic8-r,adamic16-r,adamic32-r,adamic64-r,adamic128-r,adamic256-r,adamic512-r,adamic1024-r
all,0,0.0001,7340.901,2.901,6.201,21.101,26.601,45.801,78.401,98.701,123.701,153.801,208.501,0.00003669411765,0.0129938,0.005517205882,0.005123482353,0.004940364706,0.002074458824,0.0009840994118,0,0.0009805882353,0,0,0.00003669411765,0.01294085294,0.005517205882,0.005123482353,0.004940364706,0.002074458824,0.0009840994118,0,0.0009805882353,0,0
all,0,0.001,7492.001,3.101,9.401,29.101,43.501,67.701,114.401,146.201,188.201,244.301,322.401,0.0004571658824,0.01658505882,0.01553788235,0.01108309412,0.0078559,0.006252435294,0.003324335294,0.001980322941,0.0009045588235,0.0003433,0.00048402,0.0004569894118,0.01599317647,0.01553376471,0.0110819,0.007855605882,0.006252082353,0.003324158824,0.001980264118,0.0009045,0.0003432411765,0.0004839611765
all,0,0.01,3260.558767,16.0242455,33.22907087,72.13549463,143.4591921,268.207704,438.1338179,638.7596701,881.4977791,1132.436919,1378.40499,0.002038294706,0.03255072824,0.03368282971,0.02949684353,0.02126615853,0.01425603882,0.007976530294,0.005184692941,0.003331485294,0.002859009412,0.002426815294,0.002038294706,0.02010749294,0.02935400618,0.02949684353,0.02126557029,0.01425603882,0.007975942059,0.005184692941,0.003331485294,0.002859009412,0.002426815294
all,0,0.1,4288.787325,15.61389048,32.61957741,73.12473057,160.7843466,326.4829945,576.2740008,897.4985982,1268.637809,1625.097748,1939.518736,0.005915905882,0.1266824841,0.1089962588,0.09485083529,0.07147790588,0.05607336471,0.03408715882,0.02089958824,0.01410498235,0.009568705882,0.008382921176,0.005915905882,0.02317877824,0.05492978824,0.0705426,0.07147790588,0.05607336471,0.03408715882,0.02089958824,0.01410498235,0.009568705882,0.008382921176