graph,batch_deletions_fraction,batch_insertions_fraction,hubd0-t,hubd2-t,hubd4-t,hubd8-t,hubd16-t,hubd32-t,hubd64-t,hubd128-t,hubd256-t,hubd512-t,hubd1024-t,hubd0-p,hubd2-p,hubd4-p,hubd8-p,hubd16-p,hubd32-p,hubd64-p,hubd128-p,hubd256-p,hubd512-p,hubd1024-p,hubd0-r,hubd2-r,hubd4-r,hubd8-r,hubd16-r,hubd32-r,hubd64-r,hubd128-r,hubd256-r,hubd512-r,hubd1024-r
all,0,0.0001,2263.101,2.701,5.501,12.401,19.001,28.601,45.701,58.501,69.601,81.101,113.601,0.02398235294,0.0005936176471,0.0006534176471,0.001051535294,0.002821217647,0.004925311176,0.009535882353,0.01526297647,0.02003529412,0.02274117647,0.02390588235,0.02398235294,0.0005936176471,0.0006534176471,0.001051535294,0.002821217647,0.004925311176,0.009535882353,0.01526297647,0.02003529412,0.02274117647,0.02390588235
all,0,0.001,3072.001,3.001,7.801,19.101,31.301,47.801,75.201,100.101,125.501,156.401,186.901,0.02047508353,0.002537394118,0.004482882353,0.004142664706,0.004310176471,0.005656594118,0.009174917647,0.01339961118,0.01772284294,0.02011699588,0.02105558529,0.02047502471,0.001950217647,0.004482882353,0.004142647059,0.004310176471,0.005656576471,0.009174917647,0.01339955235,0.01772276647,0.02011693706,0.02105550882
all,0,0.01,2115.685972,15.24113931,31.6675982,69.09649806,134.8964172,238.3328003,382.765199,526.8397094,692.9799449,851.3501234,998.4655068,0.01426360471,0.02076741912,0.01869282647,0.02045038529,0.02206840882,0.01868270882,0.01713741471,0.01643569353,0.01636731882,0.01511408353,0.01478930882,0.01426360471,0.008330654412,0.01436447353,0.02045038529,0.02206829118,0.01868265,0.01713723824,0.01643569353,0.01636731882,0.01511408353,0.01478930294
all,0,0.1,3176.75603,16.97015573,30.96099156,66.75528487,148.6611857,297.4713086,531.2110656,812.5714284,1106.219579,1361.19379,1607.342262,0.02640363235,0.1266726971,0.09945948294,0.08206243294,0.07160530588,0.07018689882,0.05802229412,0.04663722941,0.03659753588,0.03100538235,0.02799271353,0.02640363235,0.02316899118,0.04539301235,0.05775419765,0.07160530588,0.07018689882,0.05802229412,0.04663722941,0.03659753588,0.03100538235,0.02799271353