graph,batch_deletions_fraction,batch_insertions_fraction,hubp0-t,hubp2-t,hubp4-t,hubp8-t,hubp16-t,hubp32-t,hubp64-t,hubp128-t,hubp256-t,hubp512-t,hubp1024-t,hubp0-p,hubp2-p,hubp4-p,hubp8-p,hubp16-p,hubp32-p,hubp64-p,hubp128-p,hubp256-p,hubp512-p,hubp1024-p,hubp0-r,hubp2-r,hubp4-r,hubp8-r,hubp16-r,hubp32-r,hubp64-r,hubp128-r,hubp256-r,hubp512-r,hubp1024-r
all,0,0.0001,6467.701,2.701,5.401,13.601,22.001,31.201,49.901,58.301,76.701,97.101,148.201,0.0005642588235,0.0007924941176,0.001780076471,0.0005411764706,0.0005733705882,0.0004955705882,0.0006130941176,0.0006223647059,0.0006873705882,0.001164464706,0.0006385294118,0.0005642588235,0.0007924941176,0.001780076471,0.0005411764706,0.0005733705882,0.0004955705882,0.0006130941176,0.0006223058824,0.0006873705882,0.001164464706,0.0006384705882
all,0,0.001,6480.001,2.701,8.301,20.701,30.901,53.201,90.401,110.001,134.301,159.901,198.201,0.003472252941,0.006200823529,0.006718588235,0.005639411765,0.005250211765,0.004066705882,0.004031294118,0.003743176471,0.004067764706,0.0036259,0.0035129,0.003472252941,0.005613470588,0.006718470588,0.005639235294,0.005250017647,0.004066647059,0.004031176471,0.003743117647,0.004067764706,0.0036259,0.0035129
all,0,0.01,2129.85802,15.33246307,30.31956154,66.73368166,128.6740402,231.2481024,372.9333758,524.6398367,678.1313288,844.44592,1002.991874,0.02008948353,0.02717255324,0.02912755353,0.02529475853,0.02108449235,0.02193521941,0.02536583176,0.02209028765,0.02075606765,0.02058459412,0.02021213,0.02008936588,0.01473578853,0.02479931824,0.02529475853,0.02108449235,0.02193463118,0.02536524353,0.02209028765,0.02075606765,0.02058453529,0.02021201235
all,0,0.1,3026.604206,14.80052599,29.3321277,64.97317682,142.6147605,285.6415296,503.467453,762.0519439,1053.52431,1301.804501,1531.822789,0.02711527647,0.1266795924,0.1108074706,0.1009780294,0.08317041176,0.0718444,0.05987012353,0.05101536471,0.04295431176,0.0380625,0.03460354706,0.02711527647,0.02317588647,0.056741,0.07666979412,0.08317041176,0.0718444,0.05987012353,0.05101536471,0.04295431176,0.03806191176,0.03460354706