graph,batch_deletions_fraction,batch_insertions_fraction,jaccard0-t,jaccard2-t,jaccard4-t,jaccard8-t,jaccard16-t,jaccard32-t,jaccard64-t,jaccard128-t,jaccard256-t,jaccard512-t,jaccard1024-t,jaccard0-p,jaccard2-p,jaccard4-p,jaccard8-p,jaccard16-p,jaccard32-p,jaccard64-p,jaccard128-p,jaccard256-p,jaccard512-p,jaccard1024-p,jaccard0-r,jaccard2-r,jaccard4-r,jaccard8-r,jaccard16-r,jaccard32-r,jaccard64-r,jaccard128-r,jaccard256-r,jaccard512-r,jaccard1024-r
all,0,0.0001,2044.001,2.901,5.201,12.601,19.101,27.701,45.201,57.501,71.201,87.001,116.701,0.02402352941,0.0006136764706,0.0009419117647,0.002249252941,0.002320629412,0.006417647059,0.009684117647,0.01616176471,0.02014705882,0.02281176471,0.02401176471,0.02402352941,0.0006136764706,0.0009419117647,0.002249252941,0.002320629412,0.006417647059,0.009684117647,0.01616176471,0.02014705882,0.02281176471,0.02401176471
all,0,0.001,2908.101,3.101,8.401,20.401,32.401,51.401,83.501,107.401,124.401,153.701,192.501,0.02119042412,0.002841923529,0.004496470588,0.004695841176,0.005574505882,0.006572494118,0.009345758824,0.01354520529,0.01818071471,0.02002624294,0.02039357118,0.02119036529,0.002254747059,0.004496470588,0.004695823529,0.005574488235,0.006572494118,0.009345758824,0.01354514647,0.01818071471,0.02002618412,0.02039357118
all,0,0.01,2164.218981,16.59666723,33.8408641,73.49000713,143.4263904,251.8437566,402.7600132,559.4140337,725.712635,872.4853405,1028.716187,0.01430981765,0.02120683088,0.01973607235,0.02164444941,0.02344761294,0.02037326706,0.01944856,0.01840344559,0.01785681441,0.01694820265,0.01575857824,0.01430981765,0.008770066176,0.01540771941,0.02164444941,0.02344761294,0.02037326706,0.01944844235,0.01840344559,0.01785675559,0.01694820265,0.01575857824
all,0,0.1,3344.998503,16.63521392,33.58566047,74.53064335,163.194156,322.2159372,577.9096646,873.5216455,1186.985063,1468.587158,1712.783789,0.02937057059,0.1266816647,0.1007610824,0.08413109412,0.07382413529,0.07452957647,0.06362101765,0.05092567647,0.04073347647,0.03469660588,0.03171318235,0.02937057059,0.02317795882,0.04669461176,0.05982285882,0.07382413529,0.07452957647,0.06362101765,0.05092567647,0.04073347647,0.03469660588,0.03171312353