graph,batch_deletions_fraction,batch_insertions_fraction,leicht0-t,leicht2-t,leicht4-t,leicht8-t,leicht16-t,leicht32-t,leicht64-t,leicht128-t,leicht256-t,leicht512-t,leicht1024-t,leicht0-p,leicht2-p,leicht4-p,leicht8-p,leicht16-p,leicht32-p,leicht64-p,leicht128-p,leicht256-p,leicht512-p,leicht1024-p,leicht0-r,leicht2-r,leicht4-r,leicht8-r,leicht16-r,leicht32-r,leicht64-r,leicht128-r,leicht256-r,leicht512-r,leicht1024-r
all,0,0.0001,2356.801,2.701,5.601,12.601,18.901,27.301,41.401,52.001,65.101,83.501,99.001,0.002849847059,0.001458505882,0.001035788235,0.001278552941,0.001266182353,0.001758029412,0.002153170588,0.002378364706,0.002228664706,0.0021223,0.002178141176,0.002849788235,0.001458505882,0.001035788235,0.001278552941,0.001266176471,0.001758029412,0.002153111765,0.002378305882,0.002228664706,0.002122241176,0.002178141176
all,0,0.001,3331.001,3.001,9.601,21.601,32.101,51.001,74.301,95.001,110.701,143.301,176.201,0.005421411765,0.0037075,0.004231017647,0.005163047059,0.0049386,0.005109923529,0.005350247059,0.005407170588,0.005721464706,0.005580235294,0.005500547059,0.005421411765,0.003120264706,0.004231017647,0.005162852941,0.004938405882,0.005109847059,0.005350170588,0.005407170588,0.005721464706,0.005580235294,0.005500547059
all,0,0.01,2335.997644,18.60366015,34.5343649,77.18632843,151.0802201,270.5173245,427.3438116,593.6503402,771.7853907,926.4009041,1086.392413,0.01473212529,0.02345840882,0.02328152412,0.01906731,0.01890244588,0.01719310324,0.01599245529,0.01585159235,0.01556326529,0.01536656,0.01494550824,0.01473200765,0.01102164412,0.01895328882,0.01906731,0.01890244588,0.017192515,0.01599245529,0.01585147471,0.01556326529,0.01536656,0.01494544941
all,0,0.1,3537.143287,20.7251314,34.75385745,79.36847559,174.559264,351.5565915,623.0129635,927.5647944,1267.333044,1557.981798,1799.322758,0.03837517647,0.1266820224,0.1070228647,0.08886918235,0.06975167059,0.06045996471,0.05296527059,0.04692992353,0.04361617647,0.04122497647,0.04040588824,0.03837517647,0.02317831647,0.05295639412,0.06456094706,0.06975167059,0.06045996471,0.05296527059,0.04692992353,0.04361617647,0.04122497647,0.04040588824