graph,batch_deletions_fraction,batch_insertions_fraction,resource0-t,resource2-t,resource4-t,resource8-t,resource16-t,resource32-t,resource64-t,resource128-t,resource256-t,resource512-t,resource1024-t,resource0-p,resource2-p,resource4-p,resource8-p,resource16-p,resource32-p,resource64-p,resource128-p,resource256-p,resource512-p,resource1024-p,resource0-r,resource2-r,resource4-r,resource8-r,resource16-r,resource32-r,resource64-r,resource128-r,resource256-r,resource512-r,resource1024-r
all,0,0.0001,4411.801,2.801,5.401,15.101,22.001,33.001,55.201,69.801,83.401,99.301,137.801,0.01280712353,0.0007834647059,0.001193229412,0.0005785294118,0.001615664706,0.002804176471,0.005272564706,0.0090966,0.01031013529,0.01144535882,0.01312990588,0.01280712353,0.0007834647059,0.001193229412,0.0005785294118,0.001608605882,0.002804176471,0.005272564706,0.0090966,0.01031007647,0.01144535882,0.01312990588
all,0,0.001,4679.201,3.001,8.801,23.501,33.701,51.501,88.301,113.701,144.401,176.401,208.801,0.0170799,0.005813211765,0.005921228824,0.005514035294,0.004925423529,0.004437764706,0.006952047647,0.009635411765,0.01320729412,0.01585708235,0.01679854706,0.0170799,0.005225782353,0.005921111176,0.005513841176,0.004925170588,0.004437588235,0.00695193,0.009635411765,0.01320729412,0.01585708235,0.01679854706
all,0,0.01,2291.774421,14.85686545,32.00294386,69.53973519,132.6358475,236.2291967,385.2690009,538.1937243,714.5236794,879.5104809,1044.504821,0.02132365735,0.02638034147,0.02783307176,0.02347909882,0.01966569353,0.01943532471,0.02218602206,0.01997372088,0.01951907147,0.02070795353,0.02131886824,0.02132353971,0.01394298853,0.02350483647,0.02347851059,0.01966569353,0.01943532471,0.02218484559,0.01997372088,0.01951907147,0.02070789471,0.02131875059
all,0,0.1,3293.952696,15.50545678,31.37414959,68.35090706,150.8367472,297.9482532,530.148445,793.0473977,1126.940744,1383.002426,1582.174292,0.02668473529,0.1266825029,0.1093401059,0.09656055294,0.08013757647,0.06889239412,0.05692874118,0.04668045294,0.03834068824,0.03434078235,0.03222085882,0.02668473529,0.02317879706,0.05527363529,0.07225231765,0.08013757647,0.06889239412,0.05692874118,0.04668045294,0.03834068824,0.03434078235,0.03222085882