graph,batch_deletions_fraction,batch_insertions_fraction,salton0-t,salton2-t,salton4-t,salton8-t,salton16-t,salton32-t,salton64-t,salton128-t,salton256-t,salton512-t,salton1024-t,salton0-p,salton2-p,salton4-p,salton8-p,salton16-p,salton32-p,salton64-p,salton128-p,salton256-p,salton512-p,salton1024-p,salton0-r,salton2-r,salton4-r,salton8-r,salton16-r,salton32-r,salton64-r,salton128-r,salton256-r,salton512-r,salton1024-r
all,0,0.0001,2174.001,11.801,6.201,14.401,21.301,31.001,49.601,61.501,73.901,86.101,120.401,0.02428702353,0.001434876471,0.0009299941176,0.001508605882,0.002376511765,0.005083229412,0.009914917647,0.01585187647,0.02044013529,0.02311537647,0.0242652,0.02428696471,0.001434876471,0.0009299941176,0.001508605882,0.002376511765,0.005083229412,0.009914858824,0.01585181765,0.02044013529,0.02311537647,0.0242652
all,0,0.001,3070.601,3.001,8.401,21.101,34.401,54.001,86.501,114.001,139.201,173.201,194.901,0.02144914118,0.003682552941,0.004829470588,0.004798035294,0.005219429412,0.006964888235,0.009665458824,0.01399189412,0.01843743529,0.02044031765,0.02114188824,0.02144914118,0.003095376471,0.004829470588,0.004797958824,0.005219411765,0.006964888235,0.009665441176,0.01399189412,0.01843743529,0.02044031765,0.02114188824
all,0,0.01,2376.427627,15.58621716,35.13095792,79.23779151,156.9333755,280.7169641,447.8155515,617.4241686,799.5293514,964.3735316,1137.796579,0.01474445706,0.02260150735,0.02093345,0.02249075765,0.02489204529,0.02161155824,0.01983993912,0.01906309353,0.01849419529,0.01726941588,0.01604247176,0.01474433941,0.01016415441,0.01660515588,0.02249075765,0.02489198647,0.02161155824,0.01983993912,0.01906309353,0.01849413647,0.01726929824,0.01604247176
all,0,0.1,3635.311855,16.76936165,34.82678844,80.29538368,180.9457867,356.7547835,632.9535786,960.5281046,1299.172247,1617.461403,1876.118506,0.02828094706,0.1266817976,0.1061788471,0.08774995294,0.07600079412,0.07562800588,0.06506387647,0.04919954706,0.03877951176,0.03323429412,0.03028622941,0.02828094706,0.02317809176,0.05211237647,0.06344171765,0.07600079412,0.07562741765,0.06506387647,0.04919954706,0.03877951176,0.03323429412,0.03028622941