graph,batch_deletions_fraction,batch_insertions_fraction,sorensen0-t,sorensen2-t,sorensen4-t,sorensen8-t,sorensen16-t,sorensen32-t,sorensen64-t,sorensen128-t,sorensen256-t,sorensen512-t,sorensen1024-t,sorensen0-p,sorensen2-p,sorensen4-p,sorensen8-p,sorensen16-p,sorensen32-p,sorensen64-p,sorensen128-p,sorensen256-p,sorensen512-p,sorensen1024-p,sorensen0-r,sorensen2-r,sorensen4-r,sorensen8-r,sorensen16-r,sorensen32-r,sorensen64-r,sorensen128-r,sorensen256-r,sorensen512-r,sorensen1024-r
all,0,0.0001,2030.601,8.501,5.601,12.801,19.701,29.601,47.201,56.601,72.701,85.201,115.801,0.02402352941,0.0006237352941,0.0009419117647,0.001402076471,0.002359452941,0.004955258824,0.009687628824,0.01543880529,0.02015057,0.02281527588,0.02401527588,0.02402352941,0.0006237352941,0.0009419117647,0.001402076471,0.002359452941,0.004955258824,0.009687628824,0.01543880529,0.02015057,0.02281527588,0.02401527588
all,0,0.001,2942.801,3.001,16.101,20.901,32.401,48.701,78.401,102.501,121.801,158.901,180.401,0.02061236,0.003079329412,0.004424823529,0.004757211765,0.004854447059,0.006640711765,0.009335564706,0.01352618235,0.01795606471,0.01991965235,0.02070380176,0.02061236,0.002492152941,0.004424823529,0.004757194118,0.004854429412,0.006640711765,0.009335564706,0.01352618235,0.01795600588,0.01991965235,0.02070380176
all,0,0.01,2146.569915,15.97698129,32.77912765,71.38309401,141.3457607,251.8285041,400.1700281,550.8245462,719.9800548,868.9483521,1025.819079,0.01469617647,0.02119161176,0.01979142353,0.02164946412,0.02354324353,0.02038357853,0.01889384294,0.01860789706,0.01781842529,0.01682822235,0.01553896353,0.01469617647,0.008754847059,0.01546307059,0.02164946412,0.02354324353,0.02038357853,0.01889372529,0.01860789706,0.01781836647,0.01682816353,0.01553896353
all,0,0.1,3271.345245,15.71014679,33.34795754,74.21565275,163.8792074,320.3550374,572.6407672,866.4168582,1176.296811,1440.007311,1687.691474,0.02937366471,0.1266816118,0.1007631941,0.08413592941,0.07381712941,0.07455306471,0.06359705294,0.05091678235,0.04074456471,0.03470431765,0.03174111176,0.02937366471,0.02317790588,0.04669672353,0.05982769412,0.07381712941,0.07455306471,0.06359705294,0.05091678235,0.04074456471,0.03470431765,0.03174111176